{
    "squad": {
        "exact_match": 0.0,
        "f1": 3.8450380281281444
    },
    "bleu": {
        "bleu": 0.0,
        "precisions": [
            0.034807149576669805,
            0.013771186440677966,
            0.0035545023696682463,
            0.0
        ],
        "brevity_penalty": 1.0,
        "length_ratio": 2.5430622009569377,
        "translation_length": 1063,
        "reference_length": 418
    },
    "rouge": {
        "rouge1": 0.04184063057615036,
        "rouge2": 0.017045414657090904,
        "rougeL": 0.04130576427969338,
        "rougeLsum": 0.04156367424629098
    }
}