{
    "squad": {
        "exact_match": 0.0,
        "f1": 5.8433933521932575
    },
    "bleu": {
        "bleu": 0.021278114303623204,
        "precisions": [
            0.04499612102404965,
            0.022222222222222223,
            0.016144349477682812,
            0.012698412698412698
        ],
        "brevity_penalty": 1.0,
        "length_ratio": 3.083732057416268,
        "translation_length": 1289,
        "reference_length": 418
    },
    "rouge": {
        "rouge1": 0.06166034231549472,
        "rouge2": 0.02993050943313428,
        "rougeL": 0.05942693617227226,
        "rougeLsum": 0.058937259820337234
    }
}