{
    "squad": {
        "exact_match": 0.0,
        "f1": 4.734159928144806
    },
    "bleu": {
        "bleu": 0.02025443735486492,
        "precisions": [
            0.04043321299638989,
            0.018957345971563982,
            0.015530629853321829,
            0.01413760603204524
        ],
        "brevity_penalty": 1.0,
        "length_ratio": 3.2209302325581395,
        "translation_length": 1385,
        "reference_length": 430
    },
    "rouge": {
        "rouge1": 0.053616410616380616,
        "rouge2": 0.01590540308194889,
        "rougeL": 0.0521513925788858,
        "rougeLsum": 0.05275436446586641
    }
}