{
    "squad": {
        "exact_match": 5.042016806722689,
        "f1": 11.553066448024433
    },
    "bleu": {
        "bleu": 0.06317363818039212,
        "precisions": [
            0.10978043912175649,
            0.07329842931937172,
            0.05190311418685121,
            0.038135593220338986
        ],
        "brevity_penalty": 1.0,
        "length_ratio": 1.1651162790697673,
        "translation_length": 501,
        "reference_length": 430
    },
    "rouge": {
        "rouge1": 0.12347183332443132,
        "rouge2": 0.06563991175335712,
        "rougeL": 0.12641009516616758,
        "rougeLsum": 0.12403051227366742
    }
}