{
    "squad": {
        "exact_match": 16.80672268907563,
        "f1": 24.333841173930153
    },
    "bleu": {
        "bleu": 0.10684879985248012,
        "precisions": [
            0.17890772128060264,
            0.12378640776699029,
            0.09174311926605505,
            0.06415094339622641
        ],
        "brevity_penalty": 1.0,
        "length_ratio": 1.365038560411311,
        "translation_length": 531,
        "reference_length": 389
    },
    "rouge": {
        "rouge1": 0.24849913158736683,
        "rouge2": 0.15433716704042172,
        "rougeL": 0.24593387103338452,
        "rougeLsum": 0.24493612252900174
    }
}