{
    "squad": {
        "exact_match": 1.680672268907563,
        "f1": 6.469551210035639
    },
    "bleu": {
        "bleu": 0.021203390433054557,
        "precisions": [
            0.057692307692307696,
            0.024205748865355523,
            0.014184397163120567,
            0.01020408163265306
        ],
        "brevity_penalty": 1.0,
        "length_ratio": 2.005141388174807,
        "translation_length": 780,
        "reference_length": 389
    },
    "rouge": {
        "rouge1": 0.06462011946077625,
        "rouge2": 0.031135511276470886,
        "rougeL": 0.06251580735907715,
        "rougeLsum": 0.06285545344554666
    }
}