{
    "squad": {
        "exact_match": 5.882352941176471,
        "f1": 11.626966376528902
    },
    "bleu": {
        "bleu": 0.052961327103448745,
        "precisions": [
            0.0989010989010989,
            0.0585480093676815,
            0.041666666666666664,
            0.03260869565217391
        ],
        "brevity_penalty": 1.0,
        "length_ratio": 1.2697674418604652,
        "translation_length": 546,
        "reference_length": 430
    },
    "rouge": {
        "rouge1": 0.1181388277308224,
        "rouge2": 0.06186754422048539,
        "rougeL": 0.11888255759401836,
        "rougeLsum": 0.11892336339002098
    }
}