{
    "squad": {
        "exact_match": 0.0,
        "f1": 5.089615272082121
    },
    "bleu": {
        "bleu": 0.023537253671489296,
        "precisions": [
            0.04556650246305419,
            0.027417027417027416,
            0.018425460636515914,
            0.013333333333333334
        ],
        "brevity_penalty": 1.0,
        "length_ratio": 2.131233595800525,
        "translation_length": 812,
        "reference_length": 381
    },
    "rouge": {
        "rouge1": 0.05135166323171268,
        "rouge2": 0.023645320197044337,
        "rougeL": 0.052394724113216835,
        "rougeLsum": 0.05133416359896026
    }
}