{
    "validation": {
        "0.0001": {
            "8": {
                "squad": {
                    "exact_match": 9.243697478991596,
                    "f1": 15.546788763103207
                },
                "bleu": {
                    "bleu": 0.07050770880452435,
                    "precisions": [
                        0.12399355877616747,
                        0.08565737051792828,
                        0.056511056511056514,
                        0.041176470588235294
                    ],
                    "brevity_penalty": 1.0,
                    "length_ratio": 1.6299212598425197,
                    "translation_length": 621,
                    "reference_length": 381
                },
                "rouge": {
                    "rouge1": 0.16646681967779212,
                    "rouge2": 0.11467615442664626,
                    "rougeL": 0.16538386784962467,
                    "rougeLsum": 0.16627377941993743
                }
            },
            "16": {
                "squad": {
                    "exact_match": 10.92436974789916,
                    "f1": 16.072999976582462
                },
                "bleu": {
                    "bleu": 0.05404535044356351,
                    "precisions": [
                        0.11563169164882227,
                        0.07758620689655173,
                        0.040892193308550186,
                        0.023255813953488372
                    ],
                    "brevity_penalty": 1.0,
                    "length_ratio": 1.2257217847769029,
                    "translation_length": 467,
                    "reference_length": 381
                },
                "rouge": {
                    "rouge1": 0.1668503944072386,
                    "rouge2": 0.10380622837370243,
                    "rougeL": 0.16791944481777527,
                    "rougeLsum": 0.16538941035135896
                }
            }
        },
        "0.001": {
            "8": {
                "squad": {
                    "exact_match": 0.0,
                    "f1": 4.522739022908532
                },
                "bleu": {
                    "bleu": 0.02393409950392818,
                    "precisions": [
                        0.04334121355397951,
                        0.02608695652173913,
                        0.019943019943019943,
                        0.014553014553014554
                    ],
                    "brevity_penalty": 1.0,
                    "length_ratio": 3.3307086614173227,
                    "translation_length": 1269,
                    "reference_length": 381
                },
                "rouge": {
                    "rouge1": 0.052076633040645276,
                    "rouge2": 0.026572091813198404,
                    "rougeL": 0.05136833031310127,
                    "rougeLsum": 0.052135142153956204
                }
            },
            "16": {
                "squad": {
                    "exact_match": 0.0,
                    "f1": 4.334825414209974
                },
                "bleu": {
                    "bleu": 0.014474621996598717,
                    "precisions": [
                        0.03825503355704698,
                        0.015317286652078774,
                        0.009538950715421303,
                        0.007853403141361256
                    ],
                    "brevity_penalty": 1.0,
                    "length_ratio": 3.910761154855643,
                    "translation_length": 1490,
                    "reference_length": 381
                },
                "rouge": {
                    "rouge1": 0.05141551065194723,
                    "rouge2": 0.01863885406264427,
                    "rougeL": 0.049189584744880915,
                    "rougeLsum": 0.04987912086585374
                }
            }
        },
        "1e-05": {
            "8": {
                "squad": {
                    "exact_match": 0.0,
                    "f1": 5.089615272082121
                },
                "bleu": {
                    "bleu": 0.023537253671489296,
                    "precisions": [
                        0.04556650246305419,
                        0.027417027417027416,
                        0.018425460636515914,
                        0.013333333333333334
                    ],
                    "brevity_penalty": 1.0,
                    "length_ratio": 2.131233595800525,
                    "translation_length": 812,
                    "reference_length": 381
                },
                "rouge": {
                    "rouge1": 0.05135166323171268,
                    "rouge2": 0.023645320197044337,
                    "rougeL": 0.052394724113216835,
                    "rougeLsum": 0.05133416359896026
                }
            },
            "16": {
                "squad": {
                    "exact_match": 3.361344537815126,
                    "f1": 7.354104388328094
                },
                "bleu": {
                    "bleu": 0.02019147003229657,
                    "precisions": [
                        0.06107784431137724,
                        0.025139664804469275,
                        0.014586709886547812,
                        0.0074211502782931356
                    ],
                    "brevity_penalty": 1.0,
                    "length_ratio": 2.1916010498687664,
                    "translation_length": 835,
                    "reference_length": 381
                },
                "rouge": {
                    "rouge1": 0.07625206228016264,
                    "rouge2": 0.04507913682407009,
                    "rougeL": 0.07387418857456812,
                    "rougeLsum": 0.07525978820893606
                }
            }
        }
    },
    "test": {
        "0.0001": {
            "8": {
                "squad": {
                    "exact_match": 10.084033613445378,
                    "f1": 15.808893693223895
                },
                "bleu": {
                    "bleu": 0.09659379452039685,
                    "precisions": [
                        0.14285714285714285,
                        0.09523809523809523,
                        0.08389261744966443,
                        0.07627118644067797
                    ],
                    "brevity_penalty": 1.0,
                    "length_ratio": 1.2842377260981912,
                    "translation_length": 497,
                    "reference_length": 387
                },
                "rouge": {
                    "rouge1": 0.16502882233401406,
                    "rouge2": 0.09340559753313091,
                    "rougeL": 0.16245116517492358,
                    "rougeLsum": 0.16166611291585162
                }
            },
            "16": {
                "squad": {
                    "exact_match": 14.285714285714286,
                    "f1": 19.72036037779982
                },
                "bleu": {
                    "bleu": 0.1625740687983884,
                    "precisions": [
                        0.19626168224299065,
                        0.1553398058252427,
                        0.14893617021276595,
                        0.15384615384615385
                    ],
                    "brevity_penalty": 1.0,
                    "length_ratio": 1.1059431524547803,
                    "translation_length": 428,
                    "reference_length": 387
                },
                "rouge": {
                    "rouge1": 0.2043765914704634,
                    "rouge2": 0.1167294824906707,
                    "rougeL": 0.2008919202355865,
                    "rougeLsum": 0.2009724165392352
                }
            }
        },
        "0.001": {
            "8": {
                "squad": {
                    "exact_match": 0.0,
                    "f1": 3.527276248226698
                },