{
    "squad": {
        "exact_match": 10.92436974789916,
        "f1": 17.78402475035927
    },
    "bleu": {
        "bleu": 0.09804415187951994,
        "precisions": [
            0.17249417249417248,
            0.12580645161290321,
            0.07792207792207792,
            0.0546448087431694
        ],
        "brevity_penalty": 1.0,
        "length_ratio": 1.0263157894736843,
        "translation_length": 429,
        "reference_length": 418
    },
    "rouge": {
        "rouge1": 0.19307178582388668,
        "rouge2": 0.12188495015230973,
        "rougeL": 0.19266657712035862,
        "rougeLsum": 0.19152425538980164
    }
}