{
    "squad": {
        "exact_match": 14.285714285714286,
        "f1": 19.72036037779982
    },
    "bleu": {
        "bleu": 0.1625740687983884,
        "precisions": [
            0.19626168224299065,
            0.1553398058252427,
            0.14893617021276595,
            0.15384615384615385
        ],
        "brevity_penalty": 1.0,
        "length_ratio": 1.1059431524547803,
        "translation_length": 428,
        "reference_length": 387
    },
    "rouge": {
        "rouge1": 0.2043765914704634,
        "rouge2": 0.1167294824906707,
        "rougeL": 0.2008919202355865,
        "rougeLsum": 0.2009724165392352
    }
}