{
    "squad": {
        "exact_match": 2.5210084033613445,
        "f1": 6.506085621182361
    },
    "bleu": {
        "bleu": 0.020331639637281112,
        "precisions": [
            0.055793991416309016,
            0.02586206896551724,
            0.012345679012345678,
            0.009592326139088728
        ],
        "brevity_penalty": 1.0,
        "length_ratio": 1.806201550387597,
        "translation_length": 699,
        "reference_length": 387
    },
    "rouge": {
        "rouge1": 0.06979578910236758,
        "rouge2": 0.0335876168649278,
        "rougeL": 0.06932329963308945,
        "rougeLsum": 0.06956636582042808
    }
}