{
    "squad": {
        "exact_match": 3.361344537815126,
        "f1": 7.354104388328094
    },
    "bleu": {
        "bleu": 0.02019147003229657,
        "precisions": [
            0.06107784431137724,
            0.025139664804469275,
            0.014586709886547812,
            0.0074211502782931356
        ],
        "brevity_penalty": 1.0,
        "length_ratio": 2.1916010498687664,
        "translation_length": 835,
        "reference_length": 381
    },
    "rouge": {
        "rouge1": 0.07625206228016264,
        "rouge2": 0.04507913682407009,
        "rougeL": 0.07387418857456812,
        "rougeLsum": 0.07525978820893606
    }
}