{
    "squad": {
        "exact_match": 0.0,
        "f1": 0.9803921568627451
    },
    "bleu": {
        "bleu": 0.0,
        "precisions": [
            0.01680672268907563,
            0.0,
            0.0,
            0.0
        ],
        "brevity_penalty": 0.0810568075767905,
        "length_ratio": 0.284688995215311,
        "translation_length": 119,
        "reference_length": 418
    },
    "rouge": {
        "rouge1": 0.014005602240896357,
        "rouge2": 0.0,
        "rougeL": 0.012605042016806723,
        "rougeLsum": 0.012605042016806723
    }
}