{
    "squad": {
        "exact_match": 14.285714285714286,
        "f1": 20.735781492084012
    },
    "bleu": {
        "bleu": 0.07407725319264451,
        "precisions": [
            0.19519519519519518,
            0.12149532710280374,
            0.0738255033557047,
            0.038461538461538464
        ],
        "brevity_penalty": 0.8177478831443773,
        "length_ratio": 0.8325,
        "translation_length": 333,
        "reference_length": 400
    },
    "rouge": {
        "rouge1": 0.2320439488012399,
        "rouge2": 0.10281954887218045,
        "rougeL": 0.2282062146125418,
        "rougeLsum": 0.23081848123864926
    }
}