{
    "squad": {
        "exact_match": 24.369747899159663,
        "f1": 32.740378202563065
    },
    "bleu": {
        "bleu": 0.10772322555777972,
        "precisions": [
            0.2459016393442623,
            0.1461038961038961,
            0.08620689655172414,
            0.043478260869565216
        ],
        "brevity_penalty": 1.0,
        "length_ratio": 1.0675,
        "translation_length": 427,
        "reference_length": 400
    },
    "rouge": {
        "rouge1": 0.3419675901226739,
        "rouge2": 0.17942253824606766,
        "rougeL": 0.3414998953393373,
        "rougeLsum": 0.34072088322828664
    }
}