{
    "squad": {
        "exact_match": 1.680672268907563,
        "f1": 7.026342171384707
    },
    "bleu": {
        "bleu": 0.01987089104234727,
        "precisions": [
            0.05027322404371585,
            0.022613065326633167,
            0.014285714285714285,
            0.0096
        ],
        "brevity_penalty": 1.0,
        "length_ratio": 2.364341085271318,
        "translation_length": 915,
        "reference_length": 387
    },
    "rouge": {
        "rouge1": 0.07396645351043171,
        "rouge2": 0.03450257295900817,
        "rougeL": 0.07466132353505796,
        "rougeLsum": 0.07374869278101143
    }
}