{
    "squad": {
        "exact_match": 15.126050420168067,
        "f1": 21.300247371675944
    },
    "bleu": {
        "bleu": 0.11106727919095533,
        "precisions": [
            0.18407960199004975,
            0.13074204946996468,
            0.09547738693467336,
            0.06622516556291391
        ],
        "brevity_penalty": 1.0,
        "length_ratio": 1.005,
        "translation_length": 402,
        "reference_length": 400
    },
    "rouge": {
        "rouge1": 0.22865539296322135,
        "rouge2": 0.12128748798298972,
        "rougeL": 0.2289249879807155,
        "rougeLsum": 0.23064441087439758
    }
}