{
    "squad": {
        "exact_match": 0.0,
        "f1": 4.887395337533962
    },
    "bleu": {
        "bleu": 0.041464984831946446,
        "precisions": [
            0.06084656084656084,
            0.04395604395604396,
            0.03710575139146568,
            0.029787234042553193
        ],
        "brevity_penalty": 1.0,
        "length_ratio": 1.758139534883721,
        "translation_length": 756,
        "reference_length": 430
    },
    "rouge": {
        "rouge1": 0.05146571873794059,
        "rouge2": 0.02846429672924977,
        "rougeL": 0.049573108281350226,
        "rougeLsum": 0.049504709957543
    }
}