{
    "squad": {
        "exact_match": 7.563025210084033,
        "f1": 12.308927479968675
    },
    "bleu": {
        "bleu": 0.09141042023163458,
        "precisions": [
            0.14,
            0.10676156583629894,
            0.08490566037735849,
            0.0658682634730539
        ],
        "brevity_penalty": 0.9559974818331,
        "length_ratio": 0.9569377990430622,
        "translation_length": 400,
        "reference_length": 418
    },
    "rouge": {
        "rouge1": 0.12279849551228691,
        "rouge2": 0.06505075714496325,
        "rougeL": 0.12091956212074847,
        "rougeLsum": 0.11957210691763334
    }
}