{
    "squad": {
        "exact_match": 19.327731092436974,
        "f1": 27.591808653285874
    },
    "bleu": {
        "bleu": 0.12308206630374907,
        "precisions": [
            0.21308016877637131,
            0.14647887323943662,
            0.09926470588235294,
            0.07407407407407407
        ],
        "brevity_penalty": 1.0,
        "length_ratio": 1.1339712918660287,
        "translation_length": 474,
        "reference_length": 418
    },
    "rouge": {
        "rouge1": 0.2791825187499928,
        "rouge2": 0.15728211242917123,
        "rougeL": 0.28034565547047013,
        "rougeLsum": 0.28257680434027443
    }
}