{
    "squad": {
        "exact_match": 0.0,
        "f1": 4.522739022908532
    },
    "bleu": {
        "bleu": 0.02393409950392818,
        "precisions": [
            0.04334121355397951,
            0.02608695652173913,
            0.019943019943019943,
            0.014553014553014554
        ],
        "brevity_penalty": 1.0,
        "length_ratio": 3.3307086614173227,
        "translation_length": 1269,
        "reference_length": 381
    },
    "rouge": {
        "rouge1": 0.052076633040645276,
        "rouge2": 0.026572091813198404,
        "rougeL": 0.05136833031310127,
        "rougeLsum": 0.052135142153956204
    }
}