{
    "squad": {
        "exact_match": 0.0,
        "f1": 3.527276248226698
    },
    "bleu": {
        "bleu": 0.01502325989461833,
        "precisions": [
            0.032180209171359615,
            0.01601423487544484,
            0.011639185257032008,
            0.008492569002123142
        ],
        "brevity_penalty": 1.0,
        "length_ratio": 3.2118863049095605,
        "translation_length": 1243,
        "reference_length": 387
    },
    "rouge": {
        "rouge1": 0.03744055290317628,
        "rouge2": 0.016237116856311903,
        "rougeL": 0.03663045985216029,
        "rougeLsum": 0.036016895714566045
    }
}