{
    "squad": {
        "exact_match": 0.8403361344537815,
        "f1": 6.077122576782001
    },
    "bleu": {
        "bleu": 0.016051712121192142,
        "precisions": [
            0.044141252006420544,
            0.019520851818988466,
            0.011787819253438114,
            0.006535947712418301
        ],
        "brevity_penalty": 1.0,
        "length_ratio": 2.8976744186046512,
        "translation_length": 1246,
        "reference_length": 430
    },
    "rouge": {
        "rouge1": 0.06146065306313969,
        "rouge2": 0.029386722197318423,
        "rougeL": 0.060543799290373526,
        "rougeLsum": 0.05999029812610413
    }
}