{
    "squad": {
        "exact_match": 13.445378151260504,
        "f1": 19.299146014335133
    },
    "bleu": {
        "bleu": 0.15508866746094702,
        "precisions": [
            0.1917808219178082,
            0.1556122448979592,
            0.14098360655737704,
            0.1375
        ],
        "brevity_penalty": 1.0,
        "length_ratio": 1.3204134366925064,
        "translation_length": 511,
        "reference_length": 387
    },
    "rouge": {
        "rouge1": 0.19557630852775257,
        "rouge2": 0.12423700249330501,
        "rougeL": 0.19520278736933527,
        "rougeLsum": 0.19433971486760732
    }
}