{
    "squad": {
        "exact_match": 0.0,
        "f1": 4.334825414209974
    },
    "bleu": {
        "bleu": 0.014474621996598717,
        "precisions": [
            0.03825503355704698,
            0.015317286652078774,
            0.009538950715421303,
            0.007853403141361256
        ],
        "brevity_penalty": 1.0,
        "length_ratio": 3.910761154855643,
        "translation_length": 1490,
        "reference_length": 381
    },
    "rouge": {
        "rouge1": 0.05141551065194723,
        "rouge2": 0.01863885406264427,
        "rougeL": 0.049189584744880915,
        "rougeLsum": 0.04987912086585374
    }
}