{
    "squad": {
        "exact_match": 2.5210084033613445,
        "f1": 4.98472116119175
    },
    "bleu": {
        "bleu": 0.0,
        "precisions": [
            0.07563025210084033,
            0.0,
            0.0,
            0.0
        ],
        "brevity_penalty": 0.09429335694305195,
        "length_ratio": 0.2975,
        "translation_length": 119,
        "reference_length": 400
    },
    "rouge": {
        "rouge1": 0.049019607843137254,
        "rouge2": 0.0,
        "rougeL": 0.047619047619047616,
        "rougeLsum": 0.048157724628312866
    }
}