{
    "squad": {
        "exact_match": 12.605042016806722,
        "f1": 18.26106737050619
    },
    "bleu": {
        "bleu": 0.06140283592947671,
        "precisions": [
            0.13286713286713286,
            0.0728476821192053,
            0.04582210242587601,
            0.03205128205128205
        ],
        "brevity_penalty": 1.0,
        "length_ratio": 1.4704370179948587,
        "translation_length": 572,
        "reference_length": 389
    },
    "rouge": {
        "rouge1": 0.19080120970216763,
        "rouge2": 0.09131652661064427,
        "rougeL": 0.18766014757645258,
        "rougeLsum": 0.189544769793013
    }
}