{
    "validation": {
        "0.0001": {
            "8": {
                "squad": {
                    "exact_match": 16.80672268907563,
                    "f1": 24.333841173930153
                },
                "bleu": {
                    "bleu": 0.10684879985248012,
                    "precisions": [
                        0.17890772128060264,
                        0.12378640776699029,
                        0.09174311926605505,
                        0.06415094339622641
                    ],
                    "brevity_penalty": 1.0,
                    "length_ratio": 1.365038560411311,
                    "translation_length": 531,
                    "reference_length": 389
                },
                "rouge": {
                    "rouge1": 0.24849913158736683,
                    "rouge2": 0.15433716704042172,
                    "rougeL": 0.24593387103338452,
                    "rougeLsum": 0.24493612252900174
                }
            },
            "16": {
                "squad": {
                    "exact_match": 12.605042016806722,
                    "f1": 18.26106737050619
                },
                "bleu": {
                    "bleu": 0.06140283592947671,
                    "precisions": [
                        0.13286713286713286,
                        0.0728476821192053,
                        0.04582210242587601,
                        0.03205128205128205
                    ],
                    "brevity_penalty": 1.0,
                    "length_ratio": 1.4704370179948587,
                    "translation_length": 572,
                    "reference_length": 389
                },
                "rouge": {
                    "rouge1": 0.19080120970216763,
                    "rouge2": 0.09131652661064427,
                    "rougeL": 0.18766014757645258,
                    "rougeLsum": 0.189544769793013
                }
            }
        },
        "0.001": {
            "8": {
                "squad": {
                    "exact_match": 0.0,
                    "f1": 5.441955947937648
                },
                "bleu": {
                    "bleu": 0.017713660462826526,
                    "precisions": [
                        0.04161248374512354,
                        0.021846370683579985,
                        0.013006885998469778,
                        0.00832639467110741
                    ],
                    "brevity_penalty": 1.0,
                    "length_ratio": 3.9537275064267354,
                    "translation_length": 1538,
                    "reference_length": 389
                },
                "rouge": {
                    "rouge1": 0.05667574263739916,
                    "rouge2": 0.029095887739727582,
                    "rougeL": 0.05561633987623117,
                    "rougeLsum": 0.05435016799452738
                }
            },
            "16": {
                "squad": {
                    "exact_match": 0.0,
                    "f1": 3.220167211269535
                },
                "bleu": {
                    "bleu": 0.011441438262530542,
                    "precisions": [
                        0.030612244897959183,
                        0.0111731843575419,
                        0.008726003490401396,
                        0.005741626794258373
                    ],
                    "brevity_penalty": 1.0,
                    "length_ratio": 3.526992287917738,
                    "translation_length": 1372,
                    "reference_length": 389
                },
                "rouge": {
                    "rouge1": 0.04235058961807665,
                    "rouge2": 0.01325615521752747,
                    "rougeL": 0.041214439686161744,
                    "rougeLsum": 0.040539755832471214
                }
            }
        },
        "1e-05": {
            "8": {
                "squad": {
                    "exact_match": 3.361344537815126,
                    "f1": 10.036431831606286
                },
                "bleu": {
                    "bleu": 0.021890529059049316,
                    "precisions": [
                        0.0617678381256656,
                        0.025609756097560974,
                        0.015363128491620111,
                        0.009448818897637795
                    ],
                    "brevity_penalty": 1.0,
                    "length_ratio": 2.4138817480719794,
                    "translation_length": 939,
                    "reference_length": 389
                },
                "rouge": {
                    "rouge1": 0.0965742739990832,
                    "rouge2": 0.044597422493024674,
                    "rougeL": 0.09753664117712119,
                    "rougeLsum": 0.09634186327923452
                }
            },
            "16": {
                "squad": {
                    "exact_match": 1.680672268907563,
                    "f1": 6.469551210035639
                },
                "bleu": {
                    "bleu": 0.021203390433054557,
                    "precisions": [
                        0.057692307692307696,
                        0.024205748865355523,
                        0.014184397163120567,
                        0.01020408163265306
                    ],
                    "brevity_penalty": 1.0,
                    "length_ratio": 2.005141388174807,
                    "translation_length": 780,
                    "reference_length": 389
                },
                "rouge": {
                    "rouge1": 0.06462011946077625,
                    "rouge2": 0.031135511276470886,
                    "rougeL": 0.06251580735907715,
                    "rougeLsum": 0.06285545344554666
                }
            }
        }
    },
    "test": {
        "0.0001": {
            "8": {
                "squad": {
                    "exact_match": 5.042016806722689,
                    "f1": 11.553066448024433
                },
                "bleu": {
                    "bleu": 0.06317363818039212,
                    "precisions": [
                        0.10978043912175649,
                        0.07329842931937172,
                        0.05190311418685121,
                        0.038135593220338986
                    ],
                    "brevity_penalty": 1.0,
                    "length_ratio": 1.1651162790697673,
                    "translation_length": 501,
                    "reference_length": 430
                },
                "rouge": {
                    "rouge1": 0.12347183332443132,
                    "rouge2": 0.06563991175335712,
                    "rougeL": 0.12641009516616758,
                    "rougeLsum": 0.12403051227366742
                }
            },
            "16": {
                "squad": {
                    "exact_match": 5.882352941176471,
                    "f1": 11.626966376528902
                },
                "bleu": {
                    "bleu": 0.052961327103448745,
                    "precisions": [
                        0.0989010989010989,
                        0.0585480093676815,
                        0.041666666666666664,
                        0.03260869565217391
                    ],
                    "brevity_penalty": 1.0,
                    "length_ratio": 1.2697674418604652,
                    "translation_length": 546,
                    "reference_length": 430
                },
                "rouge": {
                    "rouge1": 0.1181388277308224,
                    "rouge2": 0.06186754422048539,
                    "rougeL": 0.11888255759401836,
                    "rougeLsum": 0.11892336339002098
                }
            }
        },
        "0.001": {
            "8": {
                "squad": {
                    "exact_match": 0.0,
                    "f1": 4.734159928144806
                },