{
    "squad": {
        "exact_match": 4.201680672268908,
        "f1": 7.386269753610552
    },
    "bleu": {
        "bleu": 0.03650929036168758,
        "precisions": [
            0.058385093167701865,
            0.03644314868804665,
            0.030716723549488054,
            0.027184466019417475
        ],
        "brevity_penalty": 1.0,
        "length_ratio": 1.872093023255814,
        "translation_length": 805,
        "reference_length": 430
    },
    "rouge": {
        "rouge1": 0.07727338949047358,
        "rouge2": 0.0366781556039868,
        "rougeL": 0.07370886138695958,
        "rougeLsum": 0.07465105144713649
    }
}