{
    "squad": {
        "exact_match": 3.361344537815126,
        "f1": 10.036431831606286
    },
    "bleu": {
        "bleu": 0.021890529059049316,
        "precisions": [
            0.0617678381256656,
            0.025609756097560974,
            0.015363128491620111,
            0.009448818897637795
        ],
        "brevity_penalty": 1.0,
        "length_ratio": 2.4138817480719794,
        "translation_length": 939,
        "reference_length": 389
    },
    "rouge": {
        "rouge1": 0.0965742739990832,
        "rouge2": 0.044597422493024674,
        "rougeL": 0.09753664117712119,
        "rougeLsum": 0.09634186327923452
    }
}