{
    "squad": {
        "exact_match": 0.0,
        "f1": 3.220167211269535
    },
    "bleu": {
        "bleu": 0.011441438262530542,
        "precisions": [
            0.030612244897959183,
            0.0111731843575419,
            0.008726003490401396,
            0.005741626794258373
        ],
        "brevity_penalty": 1.0,
        "length_ratio": 3.526992287917738,
        "translation_length": 1372,
        "reference_length": 389
    },
    "rouge": {
        "rouge1": 0.04235058961807665,
        "rouge2": 0.01325615521752747,
        "rougeL": 0.041214439686161744,
        "rougeLsum": 0.040539755832471214
    }
}