{
    "squad": {
        "exact_match": 13.445378151260504,
        "f1": 20.00032100035283
    },
    "bleu": {
        "bleu": 0.0969205562982773,
        "precisions": [
            0.16519823788546256,
            0.11641791044776119,
            0.08300395256916997,
            0.05527638190954774
        ],
        "brevity_penalty": 1.0,
        "length_ratio": 1.0861244019138756,
        "translation_length": 454,
        "reference_length": 418
    },
    "rouge": {
        "rouge1": 0.20658832160315105,
        "rouge2": 0.09818006149828354,
        "rougeL": 0.20481410032818828,
        "rougeLsum": 0.2058471160300127
    }
}