{
    "squad": {
        "exact_match": 0.0,
        "f1": 3.72900498876052
    },
    "bleu": {
        "bleu": 0.0,
        "precisions": [
            0.031982942430703626,
            0.006987577639751553,
            0.002548853016142736,
            0.0
        ],
        "brevity_penalty": 1.0,
        "length_ratio": 3.635658914728682,
        "translation_length": 1407,
        "reference_length": 387
    },
    "rouge": {
        "rouge1": 0.04363673363666176,
        "rouge2": 0.011868490711792738,
        "rougeL": 0.04183190093900576,
        "rougeLsum": 0.04136752979850099
    }
}