{
    "squad": {
        "exact_match": 19.327731092436974,
        "f1": 26.978224683105395
    },
    "bleu": {
        "bleu": 0.12383374605148048,
        "precisions": [
            0.21144278606965175,
            0.13780918727915195,
            0.10679611650485436,
            0.08860759493670886
        ],
        "brevity_penalty": 0.960980660057086,
        "length_ratio": 0.9617224880382775,
        "translation_length": 402,
        "reference_length": 418
    },
    "rouge": {
        "rouge1": 0.2793436122635852,
        "rouge2": 0.14178034850303756,
        "rougeL": 0.2775718394266278,
        "rougeLsum": 0.2798781870452396
    }
}