{
    "squad": {
        "exact_match": 9.243697478991596,
        "f1": 14.276203843248055
    },
    "bleu": {
        "bleu": 0.059431150809992034,
        "precisions": [
            0.11659192825112108,
            0.07951070336391437,
            0.04979253112033195,
            0.02702702702702703
        ],
        "brevity_penalty": 1.0,
        "length_ratio": 1.1706036745406825,
        "translation_length": 446,
        "reference_length": 381
    },
    "rouge": {
        "rouge1": 0.1516339316018011,
        "rouge2": 0.09416433239962652,
        "rougeL": 0.15059107799761334,
        "rougeLsum": 0.14985396794265854
    }
}