{
    "squad": {
        "exact_match": 22.689075630252102,
        "f1": 31.548747090542758
    },
    "bleu": {
        "bleu": 0.13507456859422393,
        "precisions": [
            0.26174496644295303,
            0.17073170731707318,
            0.10887096774193548,
            0.06842105263157895
        ],
        "brevity_penalty": 1.0,
        "length_ratio": 1.1175,
        "translation_length": 447,
        "reference_length": 400
    },
    "rouge": {
        "rouge1": 0.32308345903367575,
        "rouge2": 0.18048766931484106,
        "rougeL": 0.3194700303240421,
        "rougeLsum": 0.31919416584141813
    }
}