{
    "squad": {
        "exact_match": 0.0,
        "f1": 6.810144398529728
    },
    "bleu": {
        "bleu": 0.0,
        "precisions": [
            0.03963666391412056,
            0.011904761904761904,
            0.003067484662576687,
            0.0
        ],
        "brevity_penalty": 1.0,
        "length_ratio": 3.0275,
        "translation_length": 1211,
        "reference_length": 400
    },
    "rouge": {
        "rouge1": 0.0776000723245229,
        "rouge2": 0.019751762519148112,
        "rougeL": 0.07620478684453276,
        "rougeLsum": 0.07662961332244836
    }
}