{
    "squad": {
        "exact_match": 10.92436974789916,
        "f1": 16.072999976582462
    },
    "bleu": {
        "bleu": 0.05404535044356351,
        "precisions": [
            0.11563169164882227,
            0.07758620689655173,
            0.040892193308550186,
            0.023255813953488372
        ],
        "brevity_penalty": 1.0,
        "length_ratio": 1.2257217847769029,
        "translation_length": 467,
        "reference_length": 381
    },
    "rouge": {
        "rouge1": 0.1668503944072386,
        "rouge2": 0.10380622837370243,
        "rougeL": 0.16791944481777527,
        "rougeLsum": 0.16538941035135896
    }
}