{
    "squad": {
        "exact_match": 0.0,
        "f1": 5.441955947937648
    },
    "bleu": {
        "bleu": 0.017713660462826526,
        "precisions": [
            0.04161248374512354,
            0.021846370683579985,
            0.013006885998469778,
            0.00832639467110741
        ],
        "brevity_penalty": 1.0,
        "length_ratio": 3.9537275064267354,
        "translation_length": 1538,
        "reference_length": 389
    },
    "rouge": {
        "rouge1": 0.05667574263739916,
        "rouge2": 0.029095887739727582,
        "rougeL": 0.05561633987623117,
        "rougeLsum": 0.05435016799452738
    }
}