{
    "squad": {
        "exact_match": 10.084033613445378,
        "f1": 15.808893693223895
    },
    "bleu": {
        "bleu": 0.09659379452039685,
        "precisions": [
            0.14285714285714285,
            0.09523809523809523,
            0.08389261744966443,
            0.07627118644067797
        ],
        "brevity_penalty": 1.0,
        "length_ratio": 1.2842377260981912,
        "translation_length": 497,
        "reference_length": 387
    },
    "rouge": {
        "rouge1": 0.16502882233401406,
        "rouge2": 0.09340559753313091,
        "rougeL": 0.16245116517492358,
        "rougeLsum": 0.16166611291585162
    }
}