{
    "squad": {
        "exact_match": 26.89075630252101,
        "f1": 34.848407771892944
    },
    "bleu": {
        "bleu": 0.20390823844918882,
        "precisions": [
            0.291866028708134,
            0.22742474916387959,
            0.1774891774891775,
            0.14673913043478262
        ],
        "brevity_penalty": 1.0,
        "length_ratio": 1.045,
        "translation_length": 418,
        "reference_length": 400
    },
    "rouge": {
        "rouge1": 0.36698695966093997,
        "rouge2": 0.20418971510172698,
        "rougeL": 0.3655003919070414,
        "rougeLsum": 0.36466500523814516
    }
}