{
    "squad": {
        "exact_match": 23.529411764705884,
        "f1": 31.086912321696847
    },
    "bleu": {
        "bleu": 0.20988079977231416,
        "precisions": [
            0.2805755395683453,
            0.2214765100671141,
            0.18807339449541285,
            0.1676300578034682
        ],
        "brevity_penalty": 0.9976047915656496,
        "length_ratio": 0.9976076555023924,
        "translation_length": 417,
        "reference_length": 418
    },
    "rouge": {
        "rouge1": 0.3117639747521111,
        "rouge2": 0.1872979569260119,
        "rougeL": 0.3077153784865104,
        "rougeLsum": 0.30974711096559837
    }
}