{
    "squad": {
        "exact_match": 0.0,
        "f1": 5.843830164909083
    },
    "bleu": {
        "bleu": 0.017036876419540232,
        "precisions": [
            0.05113636363636364,
            0.020277481323372464,
            0.011976047904191617,
            0.0067842605156037995
        ],
        "brevity_penalty": 1.0,
        "length_ratio": 2.64,
        "translation_length": 1056,
        "reference_length": 400
    },
    "rouge": {
        "rouge1": 0.0653106095903459,
        "rouge2": 0.02268671239812328,
        "rougeL": 0.06481420502552221,
        "rougeLsum": 0.06421035018513066
    }
}