{
    "squad": {
        "exact_match": 9.243697478991596,
        "f1": 15.546788763103207
    },
    "bleu": {
        "bleu": 0.07050770880452435,
        "precisions": [
            0.12399355877616747,
            0.08565737051792828,
            0.056511056511056514,
            0.041176470588235294
        ],
        "brevity_penalty": 1.0,
        "length_ratio": 1.6299212598425197,
        "translation_length": 621,
        "reference_length": 381
    },
    "rouge": {
        "rouge1": 0.16646681967779212,
        "rouge2": 0.11467615442664626,
        "rougeL": 0.16538386784962467,
        "rougeLsum": 0.16627377941993743
    }
}