{
    "squad": {
        "exact_match": 23.529411764705884,
        "f1": 31.71900817743365
    },
    "bleu": {
        "bleu": 0.09824700667346825,
        "precisions": [
            0.26737967914438504,
            0.16470588235294117,
            0.09289617486338798,
            0.03007518796992481
        ],
        "brevity_penalty": 0.9328426735989298,
        "length_ratio": 0.935,
        "translation_length": 374,
        "reference_length": 400
    },
    "rouge": {
        "rouge1": 0.33615246510637775,
        "rouge2": 0.18650280625070542,
        "rougeL": 0.33401939803817676,
        "rougeLsum": 0.3333719449784249
    }
}